{"cameraMode":{"drawMode":0,"name":"Shaded","section":"Shading Mode"},"sceneLighting":true,"audioPlay":false,"sceneViewState":{"m_AlwaysRefresh":false,"showFog":true,"showSkybox":true,"showFlares":true,"showImageEffects":true,"showParticleSystems":true,"showVisualEffectGraphs":true,"m_FxEnabled":true},"in2DMode":false,"pivot":{"x":-6.718647003173828,"y":1.9237334728240967,"z":-6.352322578430176},"rotation":{"x":-0.016696909442543985,"y":0.9693924784660339,"z":-0.06875510513782501,"w":-0.23535846173763276},"size":2.8158626556396486,"orthographic":false}