{"cameraMode":{"drawMode":0,"name":"Shaded","section":"Shading Mode"},"sceneLighting":true,"audioPlay":false,"sceneViewState":{"m_AlwaysRefresh":false,"showFog":true,"showSkybox":true,"showFlares":true,"showImageEffects":true,"showParticleSystems":true,"showVisualEffectGraphs":true,"m_FxEnabled":true},"in2DMode":false,"pivot":{"x":-0.640792965888977,"y":2.2998106479644777,"z":4.414545059204102},"rotation":{"x":-0.34927496314048769,"y":0.39156031608581545,"z":-0.16370388865470887,"w":-0.8354091048240662},"size":0.23374108970165254,"orthographic":false}