{"cameraMode":{"drawMode":0,"name":"Shaded","section":"Shading Mode"},"sceneLighting":true,"audioPlay":false,"sceneViewState":{"m_AlwaysRefresh":false,"showFog":true,"showSkybox":true,"showFlares":true,"showImageEffects":true,"showParticleSystems":true,"showVisualEffectGraphs":true,"m_FxEnabled":true},"in2DMode":false,"pivot":{"x":-2.2624478340148927,"y":1.4022599458694459,"z":-5.993100166320801},"rotation":{"x":-0.011615508235991001,"y":-0.9422575831413269,"z":0.03280724957585335,"w":-0.3332032263278961},"size":1.6128160953521729,"orthographic":false}