{"cameraMode":{"drawMode":0,"name":"Shaded","section":"Shading Mode"},"sceneLighting":true,"audioPlay":false,"sceneViewState":{"m_AlwaysRefresh":false,"showFog":true,"showSkybox":true,"showFlares":true,"showImageEffects":true,"showParticleSystems":true,"showVisualEffectGraphs":true,"m_FxEnabled":true},"in2DMode":false,"pivot":{"x":-10.405862808227539,"y":-2.4989359378814699,"z":33.12791442871094},"rotation":{"x":-0.062079206109046939,"y":0.1924959123134613,"z":-0.012205198407173157,"w":-0.9792646765708923},"size":15.529693603515625,"orthographic":false}