{"cameraMode":{"drawMode":0,"name":"Shaded","section":"Shading Mode"},"sceneLighting":false,"audioPlay":false,"sceneViewState":{"m_AlwaysRefresh":false,"showFog":true,"showSkybox":false,"showFlares":true,"showImageEffects":true,"showParticleSystems":true,"showVisualEffectGraphs":true,"m_FxEnabled":true},"in2DMode":false,"pivot":{"x":0.2504616975784302,"y":-0.256536066532135,"z":-0.1038738489151001},"rotation":{"x":0.6386753916740418,"y":0.3156498968601227,"z":0.6215187907218933,"w":-0.32650160789489748},"size":0.02165055274963379,"orthographic":false}