{"cameraMode":{"drawMode":0,"name":"Shaded","section":"Shading Mode"},"sceneLighting":false,"audioPlay":false,"sceneViewState":{"m_AlwaysRefresh":false,"showFog":true,"showSkybox":false,"showFlares":true,"showImageEffects":true,"showParticleSystems":true,"showVisualEffectGraphs":true,"m_FxEnabled":true},"in2DMode":false,"pivot":{"x":0.01600000262260437,"y":-0.20899999141693116,"z":-0.017315223813056947},"rotation":{"x":0.6330809593200684,"y":0.31856632232666018,"z":0.6271972060203552,"w":-0.3236473798751831},"size":3.887472629547119,"orthographic":false}