{"cameraMode":{"drawMode":0,"name":"Shaded","section":"Shading Mode"},"sceneLighting":true,"audioPlay":false,"sceneViewState":{"m_AlwaysRefresh":false,"showFog":true,"showSkybox":true,"showFlares":true,"showImageEffects":true,"showParticleSystems":true,"showVisualEffectGraphs":true,"m_FxEnabled":true},"in2DMode":false,"pivot":{"x":0.23905135691165925,"y":2.296807289123535,"z":-1.6295942068099976},"rotation":{"x":-0.04927216097712517,"y":0.8958985209465027,"z":-0.10287460684776306,"w":-0.4294692575931549},"size":0.11449828743934632,"orthographic":false}