{"cameraMode":{"drawMode":0,"name":"Shaded","section":"Shading Mode"},"sceneLighting":true,"audioPlay":false,"sceneViewState":{"m_AlwaysRefresh":false,"showFog":true,"showSkybox":true,"showFlares":true,"showImageEffects":true,"showParticleSystems":true,"showVisualEffectGraphs":true,"m_FxEnabled":true},"in2DMode":false,"pivot":{"x":1.4473812580108643,"y":3.2599499225616457,"z":-1.4347190856933594},"rotation":{"x":0.042074669152498248,"y":-0.30621907114982607,"z":0.012234334833920002,"w":0.9510694742202759},"size":1.4779824018478394,"orthographic":false}