{"cameraMode":{"drawMode":0,"name":"Shaded","section":"Shading Mode"},"sceneLighting":true,"audioPlay":false,"sceneViewState":{"m_AlwaysRefresh":false,"showFog":true,"showSkybox":true,"showFlares":true,"showImageEffects":true,"showParticleSystems":true,"showVisualEffectGraphs":true,"m_FxEnabled":true},"in2DMode":false,"pivot":{"x":12.983006477355957,"y":2.678460121154785,"z":11.615569114685059},"rotation":{"x":-0.011960409581661225,"y":0.31407827138900759,"z":0.0039673843421041969,"w":0.9493448734283447},"size":-0.8185592293739319,"orthographic":false}