{"cameraMode":{"drawMode":0,"name":"Shaded","section":"Shading Mode"},"sceneLighting":true,"audioPlay":false,"sceneViewState":{"showFog":true,"showMaterialUpdate":false,"showSkybox":true,"showFlares":true,"showImageEffects":true,"showParticleSystems":true},"in2DMode":false,"pivot":{"x":3.453115463256836,"y":5.811819553375244,"z":-4.807098388671875},"rotation":{"x":-0.01844046078622341,"y":0.9678324460983276,"z":-0.07448536902666092,"w":-0.23961566388607026},"size":10.0,"orthographic":false}